:RT;URL
Aachener Pfalz;https://goo.gl/maps/sPHW12jHMk9Xak5SA
Abenberg;https://goo.gl/maps/ComsUQDLeBAQcmP56
Adelebsen;https://goo.gl/maps/LtMBAJdT1Qy8xy6x7
Johanniter-Kommende Adenau;https://goo.gl/maps/7G7YnYDG97Bas2j97
Aesch-Bärenfels;https://goo.gl/maps/qEZ7cDfHBbTRdmAV9
Aggstein;https://goo.gl/maps/R88CntYrz9BqgD5DA
Albrechtsburg;https://goo.gl/maps/sed6DWH6BiHRq2p17
Alpen;https://goo.gl/maps/PCuQR9Ge4SBu5P2VA
Alt-Bechburg;https://goo.gl/maps/WmV6QBGv8352FBJR6
Alt-Bodman;https://goo.gl/maps/53dDNZ1ZJVq3YZrt8
Altdahn;https://goo.gl/maps/keiRSrnibZYeKDeb7
Alt-Eberstein;https://goo.gl/maps/bX8K3Fni5yez2WXn9
Altena;https://goo.gl/maps/CfX4zsM5Ps74tzzp6
Altenberg bei Odenthal;https://goo.gl/maps/3tJ5NB5BEjTnKDkc8
Altenberg;https://goo.gl/maps/w6zcQHqRW9LJbm36A
Altenklingen;https://goo.gl/maps/MW3jTZich6d7Ge2VA
Altenstadt;https://goo.gl/maps/DJUPhJMZjXeyxm2UA
Altenstein;https://goo.gl/maps/YsJcim1Q7BckZbsb8
Altes Palais;https://goo.gl/maps/5fZaDc3MCGA9d6Y97
Altes Schloss;https://goo.gl/maps/iWLMi9wxdD3YA44P8
Alt-Windstein;https://goo.gl/maps/DcwfrwN4DVUefKpp6
Alzey;https://goo.gl/maps/sq8kQofNhnAKa4tcA
Amalienbug;https://goo.gl/maps/AWHEbT4CJJz8cSxf6
Amboise;https://goo.gl/maps/3dZsBfPdBz7h1z666
Ambras;https://goo.gl/maps/q13wpkM8ei4aYDr8A
Ancy-le-Franc;https://goo.gl/maps/DAXqbMkLZPWGFBi28
Andernach;https://goo.gl/maps/ZffxyFGqqBByh91W6
Anet;https://goo.gl/maps/1FfkqpRupf6zBqrH7
Angermund;https://goo.gl/maps/fzPDV9P8D5HcR9JY7
Ansbach;https://goo.gl/maps/pacrHRJ996nry4936
Schloss Arenfels;https://goo.gl/maps/3QWFew16AS5d54JT9
Arloff;https://goo.gl/maps/6wiXxr9HEEwteAJH6
Arnsberg;https://goo.gl/maps/f2owLbz7egCPHoqf6
Arnsburg;https://goo.gl/maps/pKJwSoeMMXhFwupc7
Arnstein/Lahn;https://goo.gl/maps/ftFTTiBjFGMeyo278
Arolsen;https://goo.gl/maps/rDiKULbxcQXnh9Xw7
Aschaffenburg;https://goo.gl/maps/bcq5WCjwqNcU6M8o9
Auerbacher Schloss;https://goo.gl/maps/LcWQeBHVAQfp2wpr9
Schloss Augustusburg;https://goo.gl/maps/iiJs6h2XQwzH2bSp8
Azay-le-Rideau;https://goo.gl/maps/FM6mVeJvug5uxWfw7
Babelsberg;https://goo.gl/maps/wwyBBHDjrCBPHGYJ9
Babenhausen;https://goo.gl/maps/AcN1cdZNM1thbWdt7
Bad Münstereifel;https://goo.gl/maps/XuqMwt1XkncZ5Joy6
Bad Wimpfen;https://goo.gl/maps/Ma4gGcrURKmf3p8S6
Baldenau;https://goo.gl/maps/8Z4aw6cp4h2ZrKh2A
Balduinseck;https://goo.gl/maps/TwQKAStnGW6aFmY37
Balduinstein;https://goo.gl/maps/WQ8wSijfkvoHXNPm8
Bamberg;https://goo.gl/maps/MUWi9xiPYq5Y1Qb66
Bayreuth;https://goo.gl/maps/Kjnj5MkaSivuxe2v8
Beaufort;https://goo.gl/maps/Xc6xpmJXZKrB4ybp9
Beaumaris;https://goo.gl/maps/yaAUWVndJ4KYz6az9
Bederkesa;https://goo.gl/maps/4e2LRZUn4ReVrpAJ7
Beerfurther Schlösschen;https://goo.gl/maps/QhZXRqoRNiaZWGYJ8
Behren-Lübchin;https://goo.gl/maps/GrdNK272s2whDsfF8
Bellver;https://goo.gl/maps/PU84AmmFeQopMaF37
Belvedere/Prag;https://goo.gl/maps/LL5QoVwBvQr31moB6
Belvedere/Wien;https://goo.gl/maps/vDFD1v8No91q1rHS7
Belvoir;https://goo.gl/maps/9taEkrioPbVQGvk89
Bensberg;https://goo.gl/maps/CNLsC5R4hV1TKoyq5
Reichskanzlei;https://goo.gl/maps/towNdtqSpVFNkgBc8
Berliner Stadtschloss;https://goo.gl/maps/u42kRvWj1RoaNefC7
Berneck;https://goo.gl/maps/gWYFyFr6rS6dpN4W9
Berwartstein;https://goo.gl/maps/rquMXdNn9FMTqaKx5
Besigheim;https://goo.gl/maps/PpvqHpLBwx7SLUa87
Bilstein;https://goo.gl/maps/pZcN4y8xUc7oc6aU8
Birg bei Hohenschäftlarn;https://goo.gl/maps/DPNRpDvfYAjfu7cH8
Birg bei Kleinhöhenkirchen;https://goo.gl/maps/1P4vUxiSsjYVn3A39
Blankenberg;https://goo.gl/maps/Q8ANLJjnXg8arquy7
Blankenheim;https://goo.gl/maps/PLAhaYah7gGfZzAx8
Bleckede;https://goo.gl/maps/8jnsNLqpHyrAKW669
Bleidenberg;https://goo.gl/maps/isQttx1Ar3hb9XL69
Blois;https://goo.gl/maps/KaUEXdJCM8xYJ2298
Boboli-Gärten/Florenz;https://goo.gl/maps/SUjjWcCrdGz2omYE8
Bockenheimer Warte / Frankfurt a. M.;https://goo.gl/maps/N13qGAJAezjFGY256
Bolanden;https://goo.gl/maps/7nTmH8rCE3s75cCJ7
Bologna;https://goo.gl/maps/8Vt5zp4dNyJiQbDp6
Bommersheim;https://goo.gl/maps/C7Mcu4xkxdiV85Ud9
Bonn, Schloss;https://goo.gl/maps/h3hYrJDZVPusjtWo8
Boppard;https://goo.gl/maps/jHd9GKzYHz9Zuj4W6
Bourtange;https://goo.gl/maps/5o4qNwHYwydDzEqw8
Broich;https://goo.gl/maps/8SnwDm2ccmAEot368
Brolio;https://goo.gl/maps/d8yih8MDR1Jt6C5w9
Bruchsal;https://goo.gl/maps/STHcozrZnkPWh2Hk9
Büdingen;https://goo.gl/maps/cA7SAqwu6gUxqTpe7
Büraburg;https://goo.gl/maps/vM94nyfsPR5qvhUR6
Burg a. d. Wupper;https://goo.gl/maps/QKEs2Dt5iLrGWZb67
Burgdorf;https://goo.gl/maps/6WZrEhzuSpG5T1Uj9
Burghausen;https://goo.gl/maps/zzHDms1J2JCvNKpA9
Burgschwalbach;https://goo.gl/maps/2NaGTdX1456aaomHA
Burgsponheim;https://goo.gl/maps/7iMEgaCj458zcQg56
Burren bei Wäschenbeuren BW vor Hohenstaufen;https://goo.gl/maps/MPci8Adp54KQdmsd6
Butschowitz;https://goo.gl/maps/1kh4uTVasqsYWggP7
Caernarfon;https://goo.gl/maps/FFJf4JAM5mhHaxr78
Caerphilly;https://goo.gl/maps/LCbFD4pTHXFsXpQt9
Carcassonne;https://goo.gl/maps/J3WngBpPSTc6VKTp9
Casa Querini Stampalia in Pressana, Provinz Verona;https://goo.gl/maps/34wEycAf4L8VLorG8
Castel del Monte;https://goo.gl/maps/Z2YxBc91iFgF5gDB7
Castel Grande;https://goo.gl/maps/KxWJ1CHYDq7n1hjL6
Catania;https://goo.gl/maps/H3QJVrzkKkpMGzvU7
Chambord;https://goo.gl/maps/TE6UFrwPZmkSBqTFA
Champvent;https://goo.gl/maps/r18vgmpgjSab1UqVA
Chenonceau;https://goo.gl/maps/sf1HLAj3UFoLYmo18
Chepstow, Tower London;https://goo.gl/maps/zDKMq4JGsH8RHYeo9
Christenberg;https://goo.gl/maps/N6njYEM6ozUzTHC4A
Clemenswerth;https://goo.gl/maps/L2AykMHxPfTqNs726
Coburg, Veste ;https://goo.gl/maps/dMs67wvRiqpwZtza6
Cochem, Stadtbefestigung;https://goo.gl/maps/Kzh9X9PDS3wBfUJp6
Colditz;https://goo.gl/maps/co3AiKR4aDRB1aUv5
Conwy;https://goo.gl/maps/6zz7wWELkzuFYJz1A
Crottorf;https://goo.gl/maps/va7TngTGrGAswAo99
Dalberg;https://goo.gl/maps/SHc6VNnmX9dvE9db9
Dallau;https://goo.gl/maps/vFJwrAHGR3SifXNH8
Dankwarderode in Braunschweig NI ;https://goo.gl/maps/XkC2Z4YZdbVKBfVS7
Daun;https://goo.gl/maps/tmwvdipRqDH5G4Ya6
Desenberg;https://goo.gl/maps/jzk7nxsWnMnyEAqf7
Deutschordens-K. Mainau / Bodensee;https://goo.gl/maps/UNNmyY7bKCTKr6RQ8
Dieburg;https://goo.gl/maps/HDaV89dhD8o5D46p9
Dill;https://goo.gl/maps/LVBn8gVfk7G526nz6
Dover;https://goo.gl/maps/c5Y5HmLPp6CF8cKw6
Drachenburg;https://goo.gl/maps/Uvni1LwNqD3v7xBaA
Drachenfels;https://goo.gl/maps/yL1bist8zZ2s4cCN9
Drachenfels,;https://goo.gl/maps/4L8BV3ovXdzbuwxLA
Dreieichenhain;https://goo.gl/maps/nFX7HT2jGWhfL5Do8
Dresden, Zwinger;https://goo.gl/maps/shboiLwCpgNmnaci9
Druyes-les-Belles-Fontaines;https://goo.gl/maps/PrGrLm7PdhSQEXFu9
Eberhardsburg im Eulbacher Park;https://goo.gl/maps/eTFTBQGpaLmo3FRJ9
Ebernburg;https://goo.gl/maps/jTv8Y29x7m6nY4u87
Effeltrich;https://goo.gl/maps/tcmbT4skwNbD6gfF8
Egeln;https://goo.gl/maps/NEqBYVHFrArkeNyj6
Eger, Pfalz  CZ ;https://goo.gl/maps/cLJg711KrcDxouw49
Ehrenbreitstein;https://goo.gl/maps/kjn6Rj97xrVE4uLUA
Ehrenburg;https://goo.gl/maps/aGUrpxg1XQqX6EBw9
Ehrenfels;https://goo.gl/maps/jruv9ERRyLp8BA4T6
Eisenberg;https://goo.gl/maps/48858WCfY7ekVrd19
Elmendorf;https://goo.gl/maps/aqdQKvBPvGPnTcnt9
Eltz;https://goo.gl/maps/21ShKkscTs2WcgiR8
Eppstein;https://goo.gl/maps/6UgvPeMRt4hkTVhH6
Schloss Erbach;https://goo.gl/maps/6bnfjUMMHymbm1n16
Zitadelle Petersburg;https://goo.gl/maps/saGquzww9pSTbR9DA
Eschelbronn;https://goo.gl/maps/HCyEiVFcyqvptmh49
Eschenheimer Warte / Frankfurt a. M. ;https://goo.gl/maps/X8SfocqLd76jxpDF6
Ettiswil;https://goo.gl/maps/QJQNNtAqL3bMD2sL8
Falaise;https://goo.gl/maps/r95C1nxA5CWWMHFaA
Falkenlust/Brühl;https://goo.gl/maps/L5vxDXtQU2p8GEAZ6
Falkenstein/Taunus;https://goo.gl/maps/SkrokywEiQAV6BNy7
Felsberg;https://goo.gl/maps/jNrWZhyQEpaVsXBF9
Fleckenstein;https://goo.gl/maps/kq1s1djN5B74PeNE9
Fontainebleau;https://goo.gl/maps/WzTrT5Ve7QsTvUSR6
Forchheim;https://goo.gl/maps/WzTrT5Ve7QsTvUSR6
Forchheim, Stadtbefestigung;https://goo.gl/maps/eJJ3kn3mYTy7Fh6U8
Franzensburg in Laxenburg bei Wien ;https://goo.gl/maps/kXXj3KWtHsBCtoM88
Frauenfeld;https://goo.gl/maps/LqnTwYn3SQ9WdEyF8
Fredericia;https://goo.gl/maps/T5qvWX8X8BgQE8YK6
Freiburg i. Br.;https://goo.gl/maps/9XzBn51PR5txW9qz6
Freienfels;https://goo.gl/maps/gCJihGF9sr9pHdMN7
Freudenkoppe/Neroth;https://goo.gl/maps/cysywqe3FrkUctw2A
Freusburg;https://goo.gl/maps/kz3oebFE3iPBqQS26
Friedberg;https://goo.gl/maps/znFH1vG88Xy8sKRZ8
Friedestrom/Zons;https://goo.gl/maps/6XMcMHKotn3qLUy96
Friedewald;https://goo.gl/maps/2hyNm2HseeoaScAY9
Fürstenau;https://goo.gl/maps/sqVuB3Amz7WSEEYz7
Fürstenberg;https://goo.gl/maps/ZF1DPoeHgkwJ4Ncy9
Gaillard;https://goo.gl/maps/5jgxhyFuFpF7TAND9
Gatersleben;https://goo.gl/maps/TGGsGNN1vmNxx8Aj9
Gebrochen-Gutenstein;https://goo.gl/maps/ZQej6pnhoXt4RMft7
Gelnhausen;https://goo.gl/maps/dT48pVNW4Ar3PPe78
Germersheim;https://goo.gl/maps/o9oWdKasumcxEdXTA
Gibelet;https://goo.gl/maps/6ZF9i5oArDqA8x649
Gisors;https://goo.gl/maps/GPJw7UcpyZMYpbmUA
Godesburg;https://goo.gl/maps/nht5CZA8a84W18fg8
Goslar;https://goo.gl/maps/gACFR8x6jrfiEy9H7
Gotha;https://goo.gl/maps/ayYF8bNXzUdtUCzP6
Gräfenstein;https://goo.gl/maps/Dhv4AxkFMUF1Z1Kx8
Gravensteen;https://goo.gl/maps/5BibhriNNhivWuGz6
Greifenstein;https://goo.gl/maps/PxdT5KevTGiN6SMz5
Grevenburg;https://goo.gl/maps/P39ch8Uh5332DP4d6
Großcomburg;https://goo.gl/maps/1wgbQNu4F9psf66H8
Guernsey;https://goo.gl/maps/vj5GGgNZuc9gHmwe9
Gürzenich/Köln;https://goo.gl/maps/31PJYQDbSfh9Pnmx6
Burg Gutenfels;https://goo.gl/maps/P94sFNW2ZXQuMWKj8
Haag;https://goo.gl/maps/gdRnYT2PFdfDMBcq9
Habsburg;https://goo.gl/maps/yEkbfEXHfN4AXBvL8
Hainhausen;https://goo.gl/maps/TBuR8DE2jrMAYVQ38
Haldenburg;https://goo.gl/maps/uE4emgXHbEvjkbvJ7
Hallwil;https://goo.gl/maps/NZEjXP95Nd9JHkeF6
Hämelschenburg;https://goo.gl/maps/rhz7SN86p7kCtydH9
Hammerstein;https://goo.gl/maps/Y5R7v9rJCG2h8WH19
Hanau;https://goo.gl/maps/3qqdBpZ2ffpBnfL4A
Harburg;https://goo.gl/maps/DhASfnSfWJ9zrK4p9
Hardtburg;https://goo.gl/maps/69omuS1YdtEPZPQ37
Harlech;https://goo.gl/maps/bWKzeCDDh7PFuT1q8
Harsefeld;https://goo.gl/maps/dQBYHQMi7pZHYiud8
Schloss Hartenfels;https://goo.gl/maps/ZAmimY7mL9ceVgp37
Hattstein;https://goo.gl/maps/dkBZko2uS3Ak1aqq6
Hatzfeld;https://goo.gl/maps/HL6T3DBwb7oSsZYx9
Haus Marck;https://goo.gl/maps/1AJB5gp9RL6uiFgz6
Haus Meer;https://goo.gl/maps/7Nje9XdF9D6BX9d76
Hausach;https://goo.gl/maps/9wsNXNJLWzPzBZkw8
Hegne/Bodensee;https://goo.gl/maps/7igtRDGTvV67zvGJ8
Schloss Heidelberg;https://goo.gl/maps/jDyVKsHqLVo2cRxC9
Heidenlöcher;https://goo.gl/maps/zcNCE6L3apofiWFo9
Heilsberg;https://goo.gl/maps/PNpMpda5WnchvMZM7
Heldburg;https://goo.gl/maps/uVvggjpFwLAMfzdSA
Henneberg;https://goo.gl/maps/YXBjqCABG8BwNVeT6
Hermannstein;https://goo.gl/maps/N7Z8tPqCWEufVGKe8
Herzberg;https://goo.gl/maps/fS2vAdLxy3bnFKta8
Herzogenstein;https://goo.gl/maps/fJYNLzgmm4Z7p9ff7
Hillesheim/Eifel;https://goo.gl/maps/ohTAqnJkmUdzxVSZA
Hinterburg;https://goo.gl/maps/fcLN5qRf6VScXSLA7
Hochburg, Festung in Baden;https://goo.gl/maps/DzTPXdJiErnVV1z8A
Hocheppan;https://goo.gl/maps/3CcfC2YPMnKZ5vT77
Hofburg in Innsbruck;https://goo.gl/maps/P1KhEQToM9ByJXPv6
Hohenecken;https://goo.gl/maps/7f6BFRrw5QHjheiX8
Hohenfels;https://goo.gl/maps/tyzpx3mPPatagxUz6
Hohenfreyberg;https://goo.gl/maps/pBktcb3Ak34SgvqX7
Burg Hohenklingen;https://goo.gl/maps/7nQibpx8mgrwaMVD7
Hohenkrähen;https://goo.gl/maps/m1FCE2ABW49Be4f48
Hohenneuffen;https://goo.gl/maps/doM1SFStCnADBT1v5
Hohensalzburg;https://goo.gl/maps/UiDVGE4DET7SUucZ7
Hohenstaufen;https://goo.gl/maps/xcB77X4pa8UYm2vm6
Hohentwiel;https://goo.gl/maps/Bhq26Pfsb9cMSs917
Hohenzollern;https://goo.gl/maps/NNDreT5zwgqaxy5v5
Hohkönigsburg;https://goo.gl/maps/zLxSSnEJuBsA3kg86
Horst;https://goo.gl/maps/Zmg4XYXaPpaQ4pxV8
Hülshoff;https://goo.gl/maps/gZnyzsoCysAhLb537
Hünenburg;https://goo.gl/maps/jdGF6nubq5BL6W9Z7
Hüningen;https://goo.gl/maps/RNpN8PzAAkadnJPSA
Idstein;https://goo.gl/maps/ySS1kUgy1njkzG268
Ingelheim;https://goo.gl/maps/uYoB1Cner8JVRePD9
Ingolstadt;https://goo.gl/maps/ds4jV463971aXamS7
Innsbruck, Zeughaus;https://goo.gl/maps/LMZF3rvv6JMCt8ux8
Isenberg;https://goo.gl/maps/PhapaWuqX6cwTm3f9
Isenburg;https://goo.gl/maps/27dTX1TLHse2pX999
Isenburg;https://goo.gl/maps/xWWYuybiPfaQxynB9
Johannisberg;https://goo.gl/maps/SEbVeQpGTGckAAwq6
Jülich;https://goo.gl/maps/QBSpVQE7MHAjdCdg8
Junkernhees;https://goo.gl/maps/D3DvGVDZnptSZrVVA
Pfalz Lautern;https://goo.gl/maps/pGzJ4qoveYoh7TJb8
Kaiserswerth;https://goo.gl/maps/iKpDHbrSpWWAWtmx8
Kalsmunt;https://goo.gl/maps/aor7RUSMBoi5SjTBA
Karlburg;https://goo.gl/maps/XN3dPWk33UofFNgm9
Karlsaue;https://goo.gl/maps/rjeDU1gZTbkSCtRbA
Karlstein;https://goo.gl/maps/ag5jUGKCQKmfhvBBA
Kassel;https://goo.gl/maps/ci55JLRSNatkuTtE6
Kasselburg;https://goo.gl/maps/hqeuxtfKFc5vxU5PA
Kastl;https://goo.gl/maps/Y21ZQ1TG7h9wV1CN7
Katzenelnbogen;https://goo.gl/maps/EEs8bLgF2RERPVsF6
Kehlheim;https://goo.gl/maps/MxuTiXHbfq896qzSA
Kempen;https://goo.gl/maps/8R4KhKSCMTL1C52EA
Schloss Kircheim;https://goo.gl/maps/9uDQgA11o3qhc5xY8
Kirspenich;https://goo.gl/maps/J6tgiAM2QRJKoU6v7
Klopp;https://goo.gl/maps/cveaSroLguUCtnCG6
Klotten;https://goo.gl/maps/5AUhDePvNGzvGyCbA
Koblenz;https://goo.gl/maps/qQpWV7MuDgEht9xJ7
Kollenberg;https://goo.gl/maps/wcX9gFgPGsdu9awQA
Königsberg;https://goo.gl/maps/c2t5BjitryJyHhBv7
Konopiste;https://goo.gl/maps/dAA99CvANxKFf2dg7
Konradsdorf;https://goo.gl/maps/3fkgUHAY3LjfnRdk9
Krak des Chevaliers;https://goo.gl/maps/wNmniaByqvZh9CQw8
Krakau;https://goo.gl/maps/aa5we7RtNWyGxLTu6
Krautheim;https://goo.gl/maps/htCkrMMuaG9JhHqz8
Kreuzberg;https://goo.gl/maps/n5pz11fDjbHuRGyN8
Kriebstein;https://goo.gl/maps/HEx5hrGC2SdiF3bH9
Kronberg;https://goo.gl/maps/nwYEyFvPs7XfVccA7
Kropfenstein;https://goo.gl/maps/e5qndVpTe4iVWP7dA
Kufstein;https://goo.gl/maps/NjDdjCB9Q5CA7sLaA
Kyffhäuser;https://goo.gl/maps/QYh7Y8ViridmHHXW6
La Rochefoucauld;https://goo.gl/maps/ctjF4iqCDUX4HKDu7
Lahneck;https://goo.gl/maps/YcH13bSTLAU5m7Tg9
Lahr;https://goo.gl/maps/iieqBnDNpWx1Fg2YA
Landeck;https://goo.gl/maps/QyLamaimo5ZHUxyR9
Landskron;https://goo.gl/maps/QUmFFvRisfveBkkz8
Langenburg;https://goo.gl/maps/iQiNZo5XVKSxc5kd7
Laubach;https://goo.gl/maps/TbChB1Csbxs9nyos5
Lauf;https://goo.gl/maps/kvY74JRooUkrUiKk9
Laurenburg;https://goo.gl/maps/mpfiuAJsnduy2B987
Lechenich;https://goo.gl/maps/t8p9NuT7EzT5e2bT9
Lichtenau;https://goo.gl/maps/aSbjnBnPvGv4CGxj9
Lichtenberg;https://goo.gl/maps/qQ5zEie92WaDe9yz8
Lichtenstein;https://goo.gl/maps/BodwqXAxhMdKbeVU8
Lichtenstein;https://goo.gl/maps/fgvyw1Z7Wji4DFKU6
Limburg a. d. L.;https://goo.gl/maps/RdTjXKefmtVCGadGA
Limburg/Haardt RP ;https://goo.gl/maps/kHsqkqbYMQzaduEG9
Lindelbrunn;https://goo.gl/maps/iABSytoC1S5gopFN9
Lindenfels;https://goo.gl/maps/tWjP4pHKjd3myAv49
Lindheim / Wetterau;https://goo.gl/maps/pJSgrUKhvyJPy1NBA
Líndos;https://goo.gl/maps/Ahj3YTM77uu2DP6t6
Linn;https://goo.gl/maps/aDtcpLfjKe5zhWaG6
Loccum;https://goo.gl/maps/Sgct1psTG6uFgfyj8
Lochau;https://goo.gl/maps/beT9osTFA7UyAh8EA
Loches;https://goo.gl/maps/rAcJoHy1LdDM3Fb78
Lorch;https://goo.gl/maps/aDJfRMBiadXdkYNv6
Louvre;https://goo.gl/maps/scSJDBUMZpsbJXFg8
Löwenburg in Wilhelmshöhe bei Kassel ;https://goo.gl/maps/onZQrnVbD23upZLs5
Ludwigsburg;https://goo.gl/maps/2foqB2yHfWg1uGFAA
Lürken;https://goo.gl/maps/5TXkgvwaVVxqMPez8
Luxemburg;https://goo.gl/maps/SDfHqjZ5SaESZRts7
Maastricht;https://goo.gl/maps/MhtMHZbQWSqQr7wWA
Madenburg;https://goo.gl/maps/Shb3tBBsNGkUZckv8
Mägdeberg;https://goo.gl/maps/u3aonLfjQUfv2f6v6
Maginot-Linie ;https://goo.gl/maps/3qAuncDMRSEUUpJY8
Mainz, Zitadelle;https://goo.gl/maps/EGVtvFZ8kw2KjdxPA
Mainz-Kastel ;https://goo.gl/maps/mcbsK1nXfZhmHfVDA
Mammertshofen;https://goo.gl/maps/h2P9SqWqW64Y7cpUA
Manderscheid;https://goo.gl/maps/EmUsfZjAj6b8Kn9j8
Mandráki / Insel Nísyros;https://goo.gl/maps/NKyTK4T3UBeS7ip96
Mannheim;https://goo.gl/maps/kMksFv3bctJTht1n8
Mansfeld;https://goo.gl/maps/xuAQPStPLygyVMJy7
Schloss Marburg;https://goo.gl/maps/nvn4SNNfjPMEQEoX7
Mariannenaue;https://goo.gl/maps/au7WBZTpfEUgZBkLA
Marienberg/Würzburg;https://goo.gl/maps/Ppjd2365eQaYdBL27
Marienburg / Nogat;https://goo.gl/maps/gZP5jCKySoYxgnG88
Marienburg;https://goo.gl/maps/n4V8XgYQXYktnYq99
Marienwerder;https://goo.gl/maps/ciptJYuwiNgG4xAb9
Mark bei Hamm NW ;https://goo.gl/maps/mvqMGtwp9dZ27W7s9
Marksburg;https://goo.gl/maps/pnAM9H8D51x37ake8
Fort St. Thomas;https://goo.gl/maps/F1okTxV1YPv5d11RA
Schloss Martainville;https://goo.gl/maps/ypRKvzkHQsFUvCvY8
Martinsburg;https://goo.gl/maps/Gf3oMRx7MULgdpDLA
#Martinsburg/Lahnstein;https://goo.gl/maps/poVgjhMAuxWGwAF86
Mauel;https://goo.gl/maps/AmUHzxBoFHqZMcKw8
Maulbronn;https://goo.gl/maps/cFj6KKcAynP3NAf7A
Mäuseturm;https://goo.gl/maps/5WnS1wh7DXduNAVo8
Mellnau;https://goo.gl/maps/bkdbi2rTMsSdRdDb9
Mespelbrunn;https://goo.gl/maps/KpwohX8oA8ey8mdh8
Mewe;https://goo.gl/maps/CNi5t1vLbHitZa6W6
Michelsberg;https://goo.gl/maps/ttn4pSW9RjCWgbJn7
Minden;https://goo.gl/maps/HDrwQQNypvkr4Zvw8
Molsberg;https://goo.gl/maps/Yr95EF1hinAhTsuw6
Monschau;https://goo.gl/maps/k2tRSQuWE2UEQgCFA
Monsilienburg;https://goo.gl/maps/Vqg22ohMH2GBRdpm7
Montbazon;https://goo.gl/maps/3PRehkPFR1xKv7Lr6
Montfort nahe Bad Kreuznach;https://goo.gl/maps/mAaRfLuSLaWMjHQW8
Mosburg;https://goo.gl/maps/fVnD7a2p2E76kpqz6
Hastings;https://goo.gl/maps/BCNPj9zmP9stdotRA
Mülenen;https://goo.gl/maps/17TGa7Uzh1jjde9R9
München, Residenz ;https://goo.gl/maps/AiEn1jc8mpCiwCECA
Munot/Schaffhausen;https://goo.gl/maps/dMjZkqfpwo9zE5wT6
Münster, Schloss;https://goo.gl/maps/AjWJdPV2SWyENJtq6
Münzenberg;https://goo.gl/maps/jLX9dwxa3o5hLQv47
Mürlenbach;https://goo.gl/maps/ZJ9R241ikoaykk65A
Näfels;https://goo.gl/maps/1B3pBTwnXKr5bkB99
Nanstein;https://goo.gl/maps/vW1ftyRQLE2aZH9K7
Nassau;https://goo.gl/maps/eemyhBATpqafMRTt8
Neipperg;https://goo.gl/maps/cqQZycTTcLtXwy7h9
Nellenburg;https://goo.gl/maps/okNhxyEUF5Q191MW7
Schloss Neu-Augustusburg;https://goo.gl/maps/3J5ywGx5K4ajBrsd8
Neubreisach;https://goo.gl/maps/xqTEhTZJQ1i724PJ8
Neuenburg;https://goo.gl/maps/Nu7Un13u4G3AVLTk9
Neuerburg;https://goo.gl/maps/5CJ6WqTumpzciX9n9
Neukastel;https://goo.gl/maps/wSMZ8iG3GThusUcW7
Neuleiningen;https://goo.gl/maps/7pQp5fJ1oq3HtymQ6
Neuschwanstein;https://goo.gl/maps/YMcLdGL8QJxTEHfi9
Nideggen;https://goo.gl/maps/3Lzvg8kasMs4gkGA6
Niederwalluf;https://goo.gl/maps/p6XJmtaTSD7jiSzH8
Nollig;https://goo.gl/maps/vBjpQrbAgqpS5xGb6
Nordenbeck;https://goo.gl/maps/SXRYDcEY1zzeZcZf8
Notre-Dame-de-Gravenchon;https://goo.gl/maps/4NiVd7No8UoKDuzk8
Nürburg;https://goo.gl/maps/K8jJFPpGeqRSmqKy6
Nürnberg;https://goo.gl/maps/8wkqdSiHis2Y1AFE8
Nymphenburg;https://goo.gl/maps/H3W7GeePh6q74ecw9
Obermaubach;https://goo.gl/maps/Pvuy4MKyL4PJs9ZJ8
Oberwesel, Stadttürme;https://goo.gl/maps/6qXHS9LiypYvWnGR8
Ödenburg,;https://goo.gl/maps/PKRbmmpRHuukCi4X8
Oldenburg;https://goo.gl/maps/kg6XVRMNo7L4DruY6
Orlamünde;https://goo.gl/maps/mXc7vN1yNmjGX7QZA
Ortenbe(u)rg/Elsass;https://goo.gl/maps/P7UwzdQjrnZSg8Fy5
Ortenberg;https://goo.gl/maps/ivJoEwJhcq8c873a7
Ostheim vor der Rhön BY ;https://goo.gl/maps/dJ1y7D5kGpjmgoze7
Otzberg;https://goo.gl/maps/FSqRUijK8KD5PcJr8
Oybin;https://goo.gl/maps/ySYSdS6GDu4t5Eck9
Paderborn;https://goo.gl/maps/hgk5mRJ4uNERm9jh8
Palazzo del Te, Mantua;https://goo.gl/maps/AcVWgrT4xfTeRQkZ9
Palazzo Pitti;https://goo.gl/maps/guRmudzJ9MWg6gMY9
Palermo;https://goo.gl/maps/5xthtrorfiGpRzi96
Palmanova;https://goo.gl/maps/fqZJauFWULf129716
Palais du Luxembourg;https://goo.gl/maps/635YRummH736EKVE9
Sainte Chapelle;https://goo.gl/maps/GkSdrezD14tt2GEbA
Pellerschloss/Fischbach bei Nürnberg;https://goo.gl/maps/PHZ6prdNwpzcvzLXA
Petershausen;https://goo.gl/maps/SE5bJpuAQuMx1VJVA
Pfalzgrafenburg am Laacher See;https://goo.gl/maps/hGx3d4AoFq1gKwuM6
Pfalzgrafenstein;https://goo.gl/maps/sCcBv68FDHYN9zDb7
Pfeffingen;https://goo.gl/maps/zbaLzTK2y7Hcoyzp7
Philippsburg in Braubach;https://goo.gl/maps/kj3rPYcSu3CjmrYK8
Pierrefond bei Soissons F ;https://goo.gl/maps/Uio9xc82ebL8rFtr7
Pillnitz / Dresden;https://goo.gl/maps/iMVYeUzZtyqAMRKKA
Plassenburg bei Kulmbach;https://goo.gl/maps/xo4Laf2gevxRVdXf6
Plön, Schloss ;https://goo.gl/maps/GRFNRpc7pFZYvrM19
Pottenstein;https://goo.gl/maps/w7jmoPXQLiPXyd4VA
Prag, Palais Waldstein;https://goo.gl/maps/qYRPX7rLiBALmR6h9
Pürglitz/Krivoklát;https://goo.gl/maps/8TcfgxwoCFXRKCUj8
Quedlinburg;https://goo.gl/maps/BhJpX8RgUwhSJ1nc8
Raesfeld;https://goo.gl/maps/wzrHvf51fLLxfQF2A
Ramstein;https://goo.gl/maps/qjt1VH2zESDGLFqb8
Ramstein;https://goo.gl/maps/kknQDKRButsMqEWt7
Rappenstein;https://goo.gl/maps/PH7bfha1NCzk3tMo7
Rastatt;https://goo.gl/maps/1XSJXspYzDUp3gwbA
Rauschenburg;https://goo.gl/maps/ZW8Uev2n8Snsogoq9
Ravengiersburg;https://goo.gl/maps/jxmUkbyR1Uh7s53g8
Regensburg;https://goo.gl/maps/xitZ8T5Csre3YVzW8
Regenstein;https://goo.gl/maps/XTwu6iSywGXVMnuy8
Rehden;https://goo.gl/maps/txvNH1ZUzuiz8Ss16
Reichenberg;https://goo.gl/maps/PfSsDiuJJXCQo8Y17
Reifenberg;https://goo.gl/maps/B8eTFvAyLAgqPp7N9
Reifenberger Schlösschen in Weltersburg;https://goo.gl/maps/5LtQFWsR65dR5YMf8
Rennenburg;https://goo.gl/maps/gjxSV9BUjktaD1fP9
Residenz/München;https://goo.gl/maps/asxjazPg3pTeg8nn7
Rethymnon/Kreta;https://goo.gl/maps/qXkpLgYsjL5yjBwy7
Rheda;https://goo.gl/maps/FFsuYuKKt4UTzTCU6
Rheinbach;https://goo.gl/maps/J9GtUV43ez1G6DRi6
Rheinberg ;https://goo.gl/maps/J9GtUV43ez1G6DRi6
Rheineck;https://goo.gl/maps/QFHGjQmqwkQxzUMP9
Rheinfels;https://goo.gl/maps/oiXPVWaqzGF1NK7D7
Rheingauer Gebück;https://goo.gl/maps/5FAtfJ7QRkzPJWS8A
Rheinstein;https://goo.gl/maps/J9y9oswQcrEbE28g7
Rhódos;https://goo.gl/maps/Y4xvntyxXAQpXL5x8
Rhódos: St. Georg;https://goo.gl/maps/UCp1xmkFiYvss3HJ6
Rickenbach;https://goo.gl/maps/x4zLi9x87pjR7APe8
Riedfluh;https://goo.gl/maps/92KiMAYeoYfYSb7E8
Riedheim;https://goo.gl/maps/GDaFxeg8S1TUVz2i8
Rimpar;https://goo.gl/maps/qwdCV3RcZb5J9JGz6
Rinella;https://goo.gl/maps/QvtKJoF4T4Z1xVz86
Rochlitz;https://goo.gl/maps/x2WjzBB93TGHxiuv7
Röderburg bei Ebsdorf;https://goo.gl/maps/kTHm8qhi61foPQkV7
Rommersdorf;https://goo.gl/maps/kTHm8qhi61foPQkV7
Romrod;https://goo.gl/maps/ZM6ujk4wUgj7GGrH7
Ronneburg;https://goo.gl/maps/3SEcaL1dePUZWuBH8
Rosenstein / Stuttgart;https://goo.gl/maps/np754eqoU33QpuKe8
Roßtal;https://goo.gl/maps/gfvQsa8jQ9uJTMjL6
Rothenburg o. d. T.;https://goo.gl/maps/hRPRXmre3T6q99Rp9
Rötteln;https://goo.gl/maps/TZNhvKxYZk9gzKMh8
Rudelsburg;https://goo.gl/maps/rddBnbpjFY2R6xhw7
Rüdesheim, Stadttürme;https://goo.gl/maps/r8Mq7kbyvNyiDcUr5
Runder Berg bei Urach;https://goo.gl/maps/KG7yiUTNQTDMroC48
Runkelstein;https://goo.gl/maps/wKz3yajCt7CBKCSc8
Saarlouis;https://goo.gl/maps/PMzjdgXZgmwk43vy9
Saarlouis, Befestigung;https://goo.gl/maps/9bD6wJxDrwuFKKou6
Sachsenstein;https://goo.gl/maps/XSbbLDsUELkJurdZ9
Saffenburg;https://goo.gl/maps/cje2yRqRb1CcWqAbA
Sahyun SYR ;https://goo.gl/maps/EjuZ58ZqrPN69zC9A
Salzburg;https://goo.gl/maps/izShLomkZukkozuF6
San Gimignano;https://goo.gl/maps/Qr7gLDjnYTgERnLh6
Sanssouci ;https://goo.gl/maps/1rRAbuv4VyErLyAP6
Sayn;https://goo.gl/maps/51dAuf1D9QSLsWiz6
Schadeck;https://goo.gl/maps/X4VTAfL3oyfA7srK9
Scharfenberg;https://goo.gl/maps/mVTCnPFMT8rTc4vA9
Scharzfels;https://goo.gl/maps/gxGLycofeyDU29BZA
Schauenburg;https://goo.gl/maps/h4qMbnYCG13UeH4j6
Schelenburg;https://goo.gl/maps/L3B2g9a7MfLYB3v5A
Schloßböckelheim;https://goo.gl/maps/cR4tBQu7gkUVnZNE7
Schlössel bei Klingenmünster,;https://goo.gl/maps/nLAJQyBqcjDLfW396
Schlössle bei Stammheim;https://goo.gl/maps/JH7DA4etsC8wsuqo8
Schmachtenberg ;https://goo.gl/maps/wB2Aqoyxe4MfiuVs7
Schönbrunn;https://goo.gl/maps/b8QBFQWPqvaWnBNB9
Schönburg;https://goo.gl/maps/3LnimUV87DL3pFt79
Schotten;https://goo.gl/maps/738rbrn16odUDCTD6
Schwanenburg;https://goo.gl/maps/PmhJpjkyeB8E9axG8
Schwarzenberg;https://goo.gl/maps/k5einqmBNevej2dP7
Schwedenschanze;https://goo.gl/maps/XSx7NroVszW1srUS7
Schweinsberg;https://goo.gl/maps/XnEJjBpbi9rcVWxM7
Schwetzingen;https://goo.gl/maps/1TjwaPa7pE1NoCBH8
Seinsfeld;https://goo.gl/maps/tA5EgRtKkYZVEd349
Senlis;https://goo.gl/maps/2SPM7ZFycis86gJk9
Siegburg;https://goo.gl/maps/B7QUwbhhVovKZYCH9
Siegen;https://goo.gl/maps/VD5TJ2EMyxjiXry39
Siena;https://goo.gl/maps/Zwv9L9rWu9tdCPC39
Slavonski-Brod, Stadt, Kroatien ;https://goo.gl/maps/TAqjsxGVgnWAD3Ph8
Sliema Point Battery;https://goo.gl/maps/33fEchTa6Ggm9RuK7
Schloss Solitude;https://goo.gl/maps/MKDrCAAsB7SUianQA
Sonthofen/Allgäu;https://goo.gl/maps/axX84eT1QDbe5sVj7
Sooneck;https://goo.gl/maps/BgXdFvkobTs4SFNdA
Zitadelle Spandau;https://goo.gl/maps/i68wsWRAVd3HWs5Q9
Spangenberg;https://goo.gl/maps/y4ZUGqrdm6aTd1dg6
Speyer;https://goo.gl/maps/J2aK1Nrh7cPozW26A
Sponheim;https://goo.gl/maps/Fexwk1CFkBkdoxN76
Sporkenburg;https://goo.gl/maps/kG3TqY1pfTFVMBj98
Burg St. Angelo;https://goo.gl/maps/7v88DCXt46PyUGWW9
St. Johannisberg;https://goo.gl/maps/rRTSt6TwXCLv6isj9
Stahlberg;https://goo.gl/maps/7e1WYA6wuLcsXK7H9
Stahleck;https://goo.gl/maps/nKn1qKVYewX88ZRB6
Stammheim;https://goo.gl/maps/ANj7QN7StmLZWb2T7
Starigard;https://goo.gl/maps/deJX6SYTVkZetLjU9
Stauf;https://goo.gl/maps/5koDyzeoX99uponR8
Steckelberg;https://goo.gl/maps/Nk8RwWT9oWFmcycX9
Stein a. d. Traun;https://goo.gl/maps/mWkcPFTkhzX4HJkk9
Steinenschloß;https://goo.gl/maps/mWkcPFTkhzX4HJkk9
Stellerburg;https://goo.gl/maps/Y2HFG25QViAMkz4z7
Sterrenberg;https://goo.gl/maps/qvKgkYejFcG2A8hw7
Stolzenfels;https://goo.gl/maps/XscnruWmQP8TsHuv5
Straßburg, Kaiserpalast;https://goo.gl/maps/SW1cErenvWARUM3m9
Strawberry Hill;https://goo.gl/maps/BauhxYHCERAWt2NU6
Stromberg-Pfarrköpfchen;https://goo.gl/maps/1cMfoiVv6K7SFgYB6
Sugny;https://goo.gl/maps/FGZRAF9Jcs2aGQ5g6
Sulzbach-Rosenberg;https://goo.gl/maps/VJbCUD7pJAFFs6jx7
Syracus;https://goo.gl/maps/fkyvnefibouwubYdA
Tabor;https://goo.gl/maps/iEKkP3xAuEtyrdzy7
Tangermünde;https://goo.gl/maps/xiRRTQCBXVTUohuq8
Tannenberg;https://goo.gl/maps/Ym32oiiJyM1Mrgbt9
Taschenberg-Palais/Dresden ;https://goo.gl/maps/UGMe1xCMsCxZqDQv9
Teterow;https://goo.gl/maps/zWrMsg7gb8JuE4xv6
Thorn;https://goo.gl/maps/tbhG6LwqGAtMhN5Q7
Thun;https://goo.gl/maps/P2MJEybTTbzCNzqJA
Thurandt;https://goo.gl/maps/CFeVkRYxRG1eBpQT6
Tilleda, Pfalz;https://goo.gl/maps/x1r2eZ19uUBxEdcW9
Tirol, Schloss;https://goo.gl/maps/YeTPberS9YpkDHEA9
Tornow;https://goo.gl/maps/9hioZ6fTgVQgjK5S9
Tortosa;https://goo.gl/maps/J9Ud64iZxaMC92Sc9
Trausnitz;https://goo.gl/maps/m8dk5dZqTMXUvRf28
Trebur;https://goo.gl/maps/wwX7AeLZxPxLM4666
Treffurt;https://goo.gl/maps/ALb6hA2eeqBpmgk67
Treis a. d. Lumda;https://goo.gl/maps/7sMTmVGFGHJvuJ4N8
Trendelburg;https://goo.gl/maps/XwpJEhejQsnQ6Deb6
Trifels;https://goo.gl/maps/Fb5EJP1nn166ZRiy8
Schloss Troja;https://goo.gl/maps/DDj85ekhSV8qFLbA6
Trutzeltz;https://goo.gl/maps/jjkVTT3B4J8KNu9HA
Tübingen;https://goo.gl/maps/BKex2hKoHjyAbzxj7
Turmberg bei Durlach;https://goo.gl/maps/56ELqf1o7Jje1yJL7
Tyrov;https://goo.gl/maps/eQLmZqbp3nRUhe3q6
Uda;https://goo.gl/maps/jNgVKgH4NHB3Uua89
Ulm, Festung;https://goo.gl/maps/XWkAyt3tsUdH8o9z8
Ulrichsburg;https://goo.gl/maps/1kSLdBbqheyq54o78
Unterfalkenstein;https://goo.gl/maps/rYBQfeMod4QeSE6i6
Untermaßfeld;https://goo.gl/maps/7aCBz6sgpTyCLHzX8
Valletta;https://goo.gl/maps/pSxWKAeNmTj9oBWY6
Vaux-le-Vicomte;https://goo.gl/maps/w9RtC7Za6H8oN1feA
Verneuil;https://goo.gl/maps/zegLRDk4CPhDMnYh6
Versailles;https://goo.gl/maps/Y48dxmr9UJjviKwH7
Vetzberg;https://goo.gl/maps/r2iXKRVt3Wmj3CMi6
Victoria/Gozo;https://goo.gl/maps/dJ7YFtADkubBMkXL8
Villa Barbarigo in Valsazibo, Provinz Padua,;https://goo.gl/maps/6xUgNVfcgijib2S99
Villa Barbaro in Maser, Provinz Treviso,;https://goo.gl/maps/xBA1Tk6ZjHpmb8m6A
Villa Contarini-Simes in Piazolla sul Brenta, Prov. Padua;https://goo.gl/maps/rTsKZRuTPGsPQfF3A
Villa Farnese;https://goo.gl/maps/zqHgvrzLWf6WEeGXA
Villa La Rotonda in Vicenza;https://goo.gl/maps/aqM2a4y6pS6jFCBv6
Villa Querini Stampaglia im Pressena;https://goo.gl/maps/tek36X27dUqDcxKv9
Villandry;https://goo.gl/maps/JzuoF6j84MN9HWwn7
Villmar;https://goo.gl/maps/pvYtXNLALt4uuf6z7
Vincennes;https://goo.gl/maps/JfWLjFzs331cof9L7
Vischering;https://goo.gl/maps/M7R4NzZJSmDqDXeD6
Vogelsang/Eifel;https://goo.gl/maps/Af3wZ3qanPAV59q7A
Freudenthal;https://goo.gl/maps/Msk4QsBs3KGVHJbS6
Morenthal;https://goo.gl/maps/vpbkE93N4L4vFvgF8
Waischenfeld;https://goo.gl/maps/ySd5NQhbWaKTusvL6
Waldeck / Hunsrück RP ;https://goo.gl/maps/XAE33N5caM2eJRS76
Waldeck im Taunus HE ;https://goo.gl/maps/K46Chk6iyr28bmq56
Waldmannshausen;https://goo.gl/maps/HK7pfwKgw2xvszdz9
Waldstein;https://goo.gl/maps/65qLn83247vCPB4j8
Walldorf;https://goo.gl/maps/jeLBZjQ6ATjuiZn56
Wartburg;https://goo.gl/maps/v1jzkhmEkjCQhXRF9
Wasigenstein;https://goo.gl/maps/XxAjYbHumTV1b8iq9
Weiherberg im Christgartental;https://goo.gl/maps/oK3H2sSxBJsTX1VL7
Schloss Weikersheim;https://goo.gl/maps/5UPKKUKqmd4WuztN8
Weilburg;https://goo.gl/maps/GZgnkcAjarduQCjX6
Weilerhügel bei Hähnlein;https://goo.gl/maps/ns8MQ47TZVgy1fNL6
Weimar, Stadtschloss;https://goo.gl/maps/N5URMChGt11uhqMb9
Weißensee;https://goo.gl/maps/WvyvUjd2GMsQrx4i9
Weißenstein in Pommersfelden;https://goo.gl/maps/7BZ7DhKMHH43jqsq7
Weiterdingen;https://goo.gl/maps/d2wXwx4BUatEKB4C8
Weltenburg;https://goo.gl/maps/KgpHKFk3iaJ7DEf76
Wensburg;https://goo.gl/maps/kf6XSbm8SXBCSPao6
Werla;https://goo.gl/maps/RAEe5iuE8uXZqWgS9
Wernerseck;https://goo.gl/maps/rvUuCM23JKgbU6dQ6
Wesel, Festung;https://goo.gl/maps/GNV6kUASNYRwawyF7
Westerwinkel;https://goo.gl/maps/JSKyZnTaZF2oFVSo9
Westminster Hall;https://goo.gl/maps/ZaWpZZee3aBMHTQWA
Wewelsburg;https://goo.gl/maps/PZ1x6Y8GU2r4hJCw7
Schloss Wiechs;https://goo.gl/maps/myyp518FXSYrq8Ws6
Wildenburg/Odenwald;https://goo.gl/maps/JuYu262MKkyGC6hb9
Wilhelmsbad bei Hanau;https://goo.gl/maps/pyu3gooQTAPBcqNG8
Wilhelmsburg/Schmalkalden;https://goo.gl/maps/dHy17geJcJ47g2MN7
Windeck;https://goo.gl/maps/ds4B5zW5Uhkexjfz5
Winzenburg-Hohe Schanze;https://goo.gl/maps/7QwEZAwKMbW4TjWaA
Wittekingsburg;https://goo.gl/maps/cjfGeXvviHZre7UF6
Wittelsbach bei Aichach;https://goo.gl/maps/yMjwmnuCZiFTECju9
Wolfegg;https://goo.gl/maps/icg7du43Uc7kLQAfA
Würzburg, Residenz;https://goo.gl/maps/Epf7D3w4N5h9t8vH7
Wysburg;https://goo.gl/maps/KpN8czQsaqXbojNv7
Xanten, Bischofsburg,;https://goo.gl/maps/RkvRtfzQUHo3DtZJ8
Zebrak;https://goo.gl/maps/2B8iX9pBuqjeSFfU9
Ziegenhain;https://goo.gl/maps/ii9WRrhpWHj8CWar9
Zons;https://goo.gl/maps/XwFFH3kRW2uiRUiK6
Zülpich;https://goo.gl/maps/bGKXvFMtNSkfqUbd8
